<?xml version="1.0" encoding="UTF-8"?><MD_Metadata xmlns:gts="http://www.isotc211.org/2005/gts" xmlns:gco="http://www.isotc211.org/2005/gco" xmlns:xalan="http://xml.apache.org/xalan" xmlns:srv="http://www.isotc211.org/2005/srv" xmlns:gmx="http://www.isotc211.org/2005/gmx" xmlns:xlink="http://www.w3.org/1999/xlink" xmlns:xsi="http://www.w3.org/2001/XMLSchema-instance" xmlns:gml="http://www.opengis.net/gml" xmlns="http://www.isotc211.org/2005/gmd">
    <fileIdentifier>
        <gco:CharacterString>d8fba69152e4408dabfe70e85a2688d2</gco:CharacterString>
    </fileIdentifier>
    <language>
        <LanguageCode codeList="http://www.loc.gov/standards/iso639-2/php/code_list.php" codeListValue="eng" codeSpace="ISO639-2">eng</LanguageCode>
    </language>
    <characterSet>
        <MD_CharacterSetCode codeList="http://www.isotc211.org/2005/resources/Codelist/gmxCodelists.xml#MD_CharacterSetCode" codeListValue="utf8" codeSpace="ISOTC211/19115">utf8</MD_CharacterSetCode>
    </characterSet>
    <hierarchyLevel>
        <MD_ScopeCode codeList="http://www.isotc211.org/2005/resources/Codelist/gmxCodelists.xml#MD_ScopeCode" codeListValue="dataset" codeSpace="ISOTC211/19115">dataset</MD_ScopeCode>
    </hierarchyLevel>
    <contact>
        <CI_ResponsibleParty>
            <individualName>
                <gco:CharacterString>Mary Ward</gco:CharacterString>
            </individualName>
            <organisationName>
                <gco:CharacterString>Ontario Ministry of Health</gco:CharacterString>
            </organisationName>
            <positionName>
                <gco:CharacterString>Information Management Analyst</gco:CharacterString>
            </positionName>
            <contactInfo>
                <CI_Contact>
                    <address>
                        <CI_Address>
                            <electronicMailAddress>
                                <gco:CharacterString>Mary.Ward1@ontario.ca</gco:CharacterString>
                            </electronicMailAddress>
                        </CI_Address>
                    </address>
                </CI_Contact>
            </contactInfo>
            <role>
                <CI_RoleCode codeList="http://www.isotc211.org/2005/resources/Codelist/gmxCodelists.xml#CI_RoleCode" codeListValue="custodian" codeSpace="ISOTC211/19115">custodian</CI_RoleCode>
            </role>
        </CI_ResponsibleParty>
    </contact>
    <dateStamp>
        <gco:Date>2020-05-01</gco:Date>
    </dateStamp>
    <metadataStandardName>
        <gco:CharacterString>NAP - Metadata</gco:CharacterString>
    </metadataStandardName>
    <metadataStandardVersion>
        <gco:CharacterString>1.2</gco:CharacterString>
    </metadataStandardVersion>
    <identificationInfo>
        <MD_DataIdentification>
            <citation>
                <CI_Citation>
                    <title>
                        <gco:CharacterString>Ministry of Health Public Health Unit Boundary</gco:CharacterString>
                    </title>
                    <date>
                        <CI_Date>
                            <date>
                                <gco:Date>2011-12-30</gco:Date>
                            </date>
                            <dateType>
                                <CI_DateTypeCode codeList="http://www.isotc211.org/2005/resources/Codelist/gmxCodelists.xml#CI_DateTypeCode" codeListValue="creation" codeSpace="ISOTC211/19115">creation</CI_DateTypeCode>
                            </dateType>
                        </CI_Date>
                    </date>
                    <date>
                        <CI_Date>
                            <date>
                                <gco:Date>2020-05-15</gco:Date>
                            </date>
                            <dateType>
                                <CI_DateTypeCode codeList="http://www.isotc211.org/2005/resources/Codelist/gmxCodelists.xml#CI_DateTypeCode" codeListValue="revision" codeSpace="ISOTC211/19115">revision</CI_DateTypeCode>
                            </dateType>
                        </CI_Date>
                    </date>
                    <identifier>
                        <MD_Identifier>
                            <authority>
                                <CI_Citation>
                                    <title>
                                        <gco:CharacterString>LIO Metadata Management Tool UUID</gco:CharacterString>
                                    </title>
                                    <date>
                                        <CI_Date>
                                            <date>
                                                <gco:DateTime>2019-04-11T14:50:46.383568</gco:DateTime>
                                            </date>
                                            <dateType>
                                                <CI_DateTypeCode codeList="http://www.isotc211.org/2005/resources/Codelist/gmxCodelists.xml#CI_DateTypeCode" codeListValue="publication" codeSpace="ISOTC211/19115">publication</CI_DateTypeCode>
                                            </dateType>
                                        </CI_Date>
                                    </date>
                                    <citedResponsibleParty gco:nilReason="missing"/>
                                </CI_Citation>
                            </authority>
                            <code>
                                <gco:CharacterString>ecfc4a2c-ec37-4d5c-80fa-d6ae6d9177c6</gco:CharacterString>
                            </code>
                        </MD_Identifier>
                    </identifier>
                    <identifier>
                        <MD_Identifier>
                            <authority>
                                <CI_Citation>
                                    <title>
                                        <gco:CharacterString>Ontario GeoHub French Record ID</gco:CharacterString>
                                    </title>
                                    <date>
                                        <CI_Date>
                                            <date>
                                                <gco:DateTime>2020-12-07T15:26:29.169466</gco:DateTime>
                                            </date>
                                            <dateType>
                                                <CI_DateTypeCode codeList="http://www.isotc211.org/2005/resources/Codelist/gmxCodelists.xml#CI_DateTypeCode" codeListValue="publication" codeSpace="ISOTC211/19115">publication</CI_DateTypeCode>
                                            </dateType>
                                        </CI_Date>
                                    </date>
                                    <citedResponsibleParty gco:nilReason="missing"/>
                                </CI_Citation>
                            </authority>
                            <code>
                                <gco:CharacterString>68075d3c2be34569a2708b98f1db6709_44</gco:CharacterString>
                            </code>
                        </MD_Identifier>
                    </identifier>
                    <citedResponsibleParty>
                        <CI_ResponsibleParty>
                            <organisationName>
                                <gco:CharacterString>Ontario Ministry of Health</gco:CharacterString>
                            </organisationName>
                            <contactInfo gco:nilReason="missing"/>
                            <role>
                                <CI_RoleCode codeList="http://www.isotc211.org/2005/resources/Codelist/gmxCodelists.xml#CI_RoleCode" codeListValue="publisher" codeSpace="ISOTC211/19115">publisher</CI_RoleCode>
                            </role>
                        </CI_ResponsibleParty>
                    </citedResponsibleParty>
                    <presentationForm>
                        <CI_PresentationFormCode codeList="http://www.isotc211.org/2005/resources/Codelist/gmxCodelists.xml#CI_PresentationFormCode" codeListValue="documentDigital" codeSpace="ISOTC211/19115">documentDigital</CI_PresentationFormCode>
                    </presentationForm>
                </CI_Citation>
            </citation>
            <abstract>
                <gco:CharacterString>

This geospatial dataset contains the geographic boundaries of the 34 Public Health Units (PHUs) in Ontario, based on Statistics Canada’s Health Region Boundary File (2018). A PHU is the area of jurisdiction of a board of health. PHUs in Ontario are defined in Regulation 553 (Revised Regulations of Ontario), pursuant to Health Protection and Promotion Act R.S.O. 1990, Amended to O. Reg. 64/05.  

 Additional DocumentationMinistry of Health Public Health Unit Boundary - Data Description (PDF)Ministry of Health Public Health Unit Boundary - Documentation (Word) 

Status

On going: data is being continually updated 



Maintenance and Update Frequency

As needed: data is updated as deemed necessary 



Contact

Mary Ward, Mary.Ward1@ontario.ca</gco:CharacterString>
            </abstract>
            <credit>
                <gco:CharacterString>https://www.ontario.ca/page/open-government-licence-ontario</gco:CharacterString>
            </credit>
            <status>
                <MD_ProgressCode codeList="http://www.isotc211.org/2005/resources/Codelist/gmxCodelists.xml#MD_ProgressCode" codeListValue="onGoing" codeSpace="ISOTC211/19115">onGoing</MD_ProgressCode>
            </status>
            <resourceMaintenance>
                <MD_MaintenanceInformation>
                    <maintenanceAndUpdateFrequency>
                        <MD_MaintenanceFrequencyCode codeList="http://www.isotc211.org/2005/resources/Codelist/gmxCodelists.xml#MD_MaintenanceFrequencyCode" codeListValue="asNeeded" codeSpace="ISOTC211/19115">asNeeded</MD_MaintenanceFrequencyCode>
                    </maintenanceAndUpdateFrequency>
                </MD_MaintenanceInformation>
            </resourceMaintenance>
            <descriptiveKeywords>
                <MD_Keywords>
                    <keyword>
                        <gco:CharacterString>public health</gco:CharacterString>
                    </keyword>
                    <keyword>
                        <gco:CharacterString>health</gco:CharacterString>
                    </keyword>
                    <keyword>
                        <gco:CharacterString>Boundary</gco:CharacterString>
                    </keyword>
                    <type>
                        <MD_KeywordTypeCode codeList="http://www.isotc211.org/2005/resources/Codelist/gmxCodelists.xml#MD_KeywordTypeCode" codeListValue="theme" codeSpace="ISOTC211/19115">theme</MD_KeywordTypeCode>
                    </type>
                    <thesaurusName>
                        <CI_Citation>
                            <title>
                                <gco:CharacterString>external</gco:CharacterString>
                            </title>
                            <date gco:nilReason="missing"/>
                            <citedResponsibleParty gco:nilReason="missing"/>
                        </CI_Citation>
                    </thesaurusName>
                </MD_Keywords>
            </descriptiveKeywords>
            <descriptiveKeywords>
                <MD_Keywords>
                    <keyword>
                        <gco:CharacterString>public health</gco:CharacterString>
                    </keyword>
                    <keyword>
                        <gco:CharacterString>health</gco:CharacterString>
                    </keyword>
                    <keyword>
                        <gco:CharacterString>Boundary</gco:CharacterString>
                    </keyword>
                    <type>
                        <MD_KeywordTypeCode codeList="http://www.isotc211.org/2005/resources/Codelist/gmxCodelists.xml#MD_KeywordTypeCode" codeListValue="theme" codeSpace="ISOTC211/19115">theme</MD_KeywordTypeCode>
                    </type>
                    <thesaurusName>
                        <CI_Citation>
                            <title>
                                <gco:CharacterString>external</gco:CharacterString>
                            </title>
                            <date gco:nilReason="missing"/>
                            <citedResponsibleParty gco:nilReason="missing"/>
                        </CI_Citation>
                    </thesaurusName>
                </MD_Keywords>
            </descriptiveKeywords>
            <descriptiveKeywords>
                <MD_Keywords>
                    <keyword>
                        <gco:CharacterString>public health</gco:CharacterString>
                    </keyword>
                    <keyword>
                        <gco:CharacterString>health</gco:CharacterString>
                    </keyword>
                    <keyword>
                        <gco:CharacterString>Boundary</gco:CharacterString>
                    </keyword>
                    <type>
                        <MD_KeywordTypeCode codeList="http://www.isotc211.org/2005/resources/Codelist/gmxCodelists.xml#MD_KeywordTypeCode" codeListValue="theme" codeSpace="ISOTC211/19115">theme</MD_KeywordTypeCode>
                    </type>
                    <thesaurusName>
                        <CI_Citation>
                            <title>
                                <gco:CharacterString>external</gco:CharacterString>
                            </title>
                            <date gco:nilReason="missing"/>
                            <citedResponsibleParty gco:nilReason="missing"/>
                        </CI_Citation>
                    </thesaurusName>
                </MD_Keywords>
            </descriptiveKeywords>
            <resourceConstraints>
                <MD_Constraints>
                    <useLimitation>
                        <gco:CharacterString>Use LimitationOpen Government Licence – OntarioYou are encouraged to use the Information that is available under this licence with only a few conditions.Using Information under this licence1. Use of any Information indicates your acceptance of the terms below.2. The Information Provider grants you a worldwide, royalty-free, perpetual, non-exclusive licence to use the Information, including for commercial purposes, subject to the terms below.You are free to:3. Copy, modify, publish, translate, adapt, distribute or otherwise use the Information in any medium, mode or format for any lawful purpose. You must, where you do any of the above:4. Acknowledge the source of the Information by including any attribution statement specified by the Information Provider(s) and, where possible, provide a link to this licence. If the Information Provider does not provide a specific attribution statement, or if you are using Information from several Information Providers and multiple attributions are not practical for your product or application, you must use the following attribution statement: Contains information licensed under the Open Government Licence – Ontario.5. The terms of this licence are important, and if you fail to comply with any of them, the rights granted to you under this licence, or any similar licence granted by the Information Provider, will end automatically.Exemptions6. This licence does not grant you any right to use: a) Personal Information; b) Information or Records not accessible under the Freedom of Information and Protection of Privacy Act (Ontario); c) third party rights the Information Provider is not authorized to license; d) the names, crests, logos, or other official symbols of the Information Provider; and e) Information subject to other intellectual property rights, including patents, trade-marks and official marks.Non-endorsement7. This licence does not grant you any right to use the Information in a way that suggests any official status or that the Information Provider endorses you or your use of the Information.No warranty8. The Information is licensed “as is”, and the Information Provider excludes all representations, warranties, obligations, and liabilities, whether express or implied, to the maximum extent permitted by law.9. The Information Provider is not liable for any errors or omissions in the Information, and will not under any circumstances be liable for any direct, indirect, special, incidental, consequential, or other loss, injury or damage caused by its use or otherwise arising in connection with this licence or the Information, even if specifically advised of the possibility of such loss, injury or damage.Governing Law10. This licence is governed by the laws of the Province of Ontario and the applicable laws of Canada.11. Legal proceedings related to this licence may only be brought in the courts of Ontario.Definitions12. In this licence, the terms below have the following meanings: &amp;quot;Information&amp;quot; means information resources or Records protected by copyright or other information or Records that are offered for use under the terms of this licence. &amp;quot;Information Provider&amp;quot; means Her Majesty the Queen in right of Ontario. “Personal Information” has the meaning set out in section 2(1) of the Freedom of Information and Protection of Privacy Act (Ontario). “Records” has the meaning of “record” as set out in the Freedom of Information and Protection of Privacy Act (Ontario). &amp;quot;You&amp;quot; means the natural or legal person, or body of persons corporate or incorporate, acquiring rights under this licence.Versioning13. This is version 1.0 of the Open Government Licence – Ontario. The Information Provider may make changes to the terms of this licence from time to time and issue a new version of the licence. Your use of the Information will be governed by the terms of the licence in force as of the date you accessed the information.</gco:CharacterString>
                    </useLimitation>
                </MD_Constraints>
            </resourceConstraints>
            <language>
                <LanguageCode codeList="http://www.loc.gov/standards/iso639-2/php/code_list.php" codeListValue="eng" codeSpace="ISO639-2">eng</LanguageCode>
            </language>
            <characterSet>
                <MD_CharacterSetCode codeList="http://www.isotc211.org/2005/resources/Codelist/gmxCodelists.xml#MD_CharacterSetCode" codeListValue="utf8" codeSpace="ISOTC211/19115">utf8</MD_CharacterSetCode>
            </characterSet>
            <topicCategory>
                <MD_TopicCategoryCode>health</MD_TopicCategoryCode>
            </topicCategory>
            <extent>
                <EX_Extent>
                    <description>
                        <gco:CharacterString>Province of Ontario</gco:CharacterString>
                    </description>
                    <geographicElement>
                        <EX_GeographicBoundingBox>
                            <westBoundLongitude>
                                <gco:Decimal>-95.22265625</gco:Decimal>
                            </westBoundLongitude>
                            <eastBoundLongitude>
                                <gco:Decimal>-73.337890625</gco:Decimal>
                            </eastBoundLongitude>
                            <southBoundLatitude>
                                <gco:Decimal>41.353515625</gco:Decimal>
                            </southBoundLatitude>
                            <northBoundLatitude>
                                <gco:Decimal>56.998046875</gco:Decimal>
                            </northBoundLatitude>
                        </EX_GeographicBoundingBox>
                    </geographicElement>
                </EX_Extent>
            </extent>
        </MD_DataIdentification>
    </identificationInfo>
    <metadataMaintenance>
        <MD_MaintenanceInformation>
            <maintenanceAndUpdateFrequency>
                <MD_MaintenanceFrequencyCode codeList="http://www.isotc211.org/2005/resources/Codelist/gmxCodelists.xml#MD_MaintenanceFrequencyCode" codeListValue="asNeeded" codeSpace="ISOTC211/19115">asNeeded</MD_MaintenanceFrequencyCode>
            </maintenanceAndUpdateFrequency>
        </MD_MaintenanceInformation>
    </metadataMaintenance>
</MD_Metadata>
